{
    "loss": 10.134754180908203,
    "accuracy": 0.5467625856399536
}