{
    "loss": 10.141255378723145,
    "accuracy": 0.5035971403121948
}